person.name,fram.stock.id
AHB,1
AHB,2
AHB,3
AHB,4
AHB,5
AHB,6
AHB,7
AHB,8
AHB,9
AHB,10
AHB,11
AHB,12
AHB,13
AHB,14
AHB,15
AHB,16
AHB,17
AHB,18
AHB,19
AHB,20
AHB,21
AHB,22
AHB,23
AHB,24
AHB,25
AHB,26
AHB,27
AHB,28
AHB,29
AHB,30
AHB,31
AHB,32
AHB,33
AHB,34
AHB,35
AHB,36
AHB,37
AHB,38
AHB,39
AHB,40
AHB,41
AHB,42
AHB,43
AHB,44
AHB,45
AHB,46
CT,47
CT,48
AHB,49
AHB,50
AHB,51
AHB,52
AHB,53
AHB,54
AHB,55
AHB,56
AHB,57
AHB,58
AHB,59
AHB,60
AHB,61
AHB,62
AHB,63
AHB,64
AHB,65
AHB,66
AHB,67
AHB,68
AHB,69
AHB,70
AHB,71
AHB,72
AHB,73
AHB,74
AHB,75
AHB,76
AHB,77
AHB,78
AHB,79
AHB,80
AHB,81
AHB,82
AHB,83
AHB,84
AHB,85
AHB,86
AHB,87
AHB,88
AHB,89
AHB,90
AHB,91
AHB,92
AHB,93
AHB,94
AHB,95
AHB,96
AHB,97
AHB,98
AHB,99
AHB,100
AHB,101
AHB,102
AHB,103
AHB,104
AHB,105
AHB,106
AHB,107
AHB,108
AHB,109
AHB,110
AHB,111
AHB,112
AHB,113
AHB,114
AHB,115
AHB,116
AHB,117
AHB,118
AHB,119
AHB,120
,121
,122
,123
,124
CT,125
CT,126
AHB,127
AHB,128
AHB,129
AHB,130
AHB,131
AHB,132
AHB,133
AHB,134
AHB,135
AHB,136
AHB,137
AHB,138
AHB,139
AHB,140
AHB,141
AHB,142
AHB,143
AHB,144
AHB,145
AHB,146
CT,147
CT,148
AHB,149
AHB,150
AHB,151
AHB,152
AHB,153
AHB,154
AHB,155
AHB,156
AHB,157
AHB,158
AHB,159
AHB,160
AHB,161
AHB,162
AHB,163
AHB,164
ML,165
ML,166
ML,167
ML,168
ML,169
ML,170
ML,171
ML,172
ML,173
ML,174
ML,175
ML,176
CF,177
CF,178
CF,179
CF,180
CF,181
CF,182
CF,183
CF,184
CF,185
CF,186
CF,187
CF,188
CF,189
CF,190
CF,191
CF,192
CF,193
CF,194
CF,195
CF,196
CF,197
CF,198
CF,199
CF,200
CF,201
CF,202
CF,203
CF,204
JS,205
JS,206
JS,207
JS,208
JS,209
JS,210
JS,211
JS,212
JS,213
JS,214
JS,215
JS,216
JS,217
JS,218
JS,219
JS,220
JS,221
JS,222
JS,223
JS,224
JS,225
JS,226
JS,227
JS,228
JS,229
JS,230
JS,231
JS,232
JS,233
JS,234
JS,235
JS,236
JS,237
JS,238
,239
,240
,241
,242
,243
,244
,245
,246
